report_number,primary_fm,secondary_fm,phase,severity,contributor,retained_fragment,user_harm,complaint_group,confidence,supporting_quote,note
3006260740-2023-00399,FM04,FM07,P2,S2,UNK,N,N,3006260740-2023-00399,high,REMOVED PICC SHOWS CLEARLY A KNOT THE TIP OF THE CATHETER,Knot formed during insertion; removed together with introducer.
3006260740-2023-00058,FM10,none,P3,S3,UNK,N,N,3006260740-2023-00058,high,THE BASILIC VEIN AND AXILLARY VEIN CATHETERIZATION HAD WALL THROMBOSIS,Treated with anticoagulation.
MW5114748,FM07,none,P4,S1,UNK,N,N,MW5114748,medium,MULTIPLE ATTEMPTS TO REMOVE PICC,
0001625425-2023-00923,FM02,none,P3,S2,UNK,N,N,0001625425-2023-00923,high,LOCATED THE CRACKED PICC HUB AS THE SOURCE,Neonate; some blood loss and new IV access.
3015060232-2023-00001,FM12,none,P4,S1,UNK,N,N,3015060232-2023-00001,low,CATHETER LEAK/IMPERFECTION IDENTIFIED POST REMOVAL,Leak location not given (rule 6). FDA code suggests improper procedure.
3006260740-2022-06035,FM13,none,P3,S1,UNK,N,N,3006260740-2022-06035,medium,THE PATIENT ALLEGEDLY EXPERIENCED ALLERGY,
16494835,FM13,none,P2,S4,UNK,N,N,16494835,high,DISCOVERED TO BE AN ALLERGIC REACTION TO THE CHLOREHEXIDINE,Seizure and code blue. Chlorhexidine-impregnated catheter brand; source of chlorhexidine (device or skin prep) not stated.
3006260740-2023-00655,FM04,FM03,P3,S2,UNK,N,N,3006260740-2023-00655,medium,THE STEEP INSERTION ANGLE IS THE CAUSE OF THE SHARP TURN SEEN ON THE X-RAY,Positional occlusion; line pulled back.
3006260740-2023-00277,FM08,none,P1,S1,DEV,N,N,3006260740-2023-00277,high,THE GLUE WAS ALLEGEDLY HARDENED,Repair kit adhesive; manufacturer voluntary recall.
3006260740-2023-00342,FM09,none,P3,S3,UNK,N,N,3006260740-2023-00342,medium,4 PATIENTS DEVELOPED A FEVER AFTER 12-24 HOURS AFTER PICC INSERTION,"One complaint, four devices, same lot and facility."
3006260740-2023-00340,FM08,none,P1,S1,UNK,N,N,3006260740-2023-00340,high,A SMALL PIECE OF POSSIBLY PLASTIC WAS ON THE WHITE PART OF THE MICROINTRODUCER PACKAGE,
2245270-2023-00001,FM01,none,P3,S2,UNK,N,N,2245270-2023-00001,high,PREMICATH PICC LINE BROKE WHILE IN SITU,Whole catheter removed.
MW5115363,FM03,none,P3,S3,UNK,N,N,MW5115363,medium,INTERMITTENT HIGH PRESSURE ALARM ON CADD PUMP,Tunnelled catheter exchanged; reported via drug safety programme.
MW5115101,FM09,none,P3,S3,UNK,N,N,MW5115101,high,SHE HAD A CENTRAL LINE INFECTION,Hospitalised; line replaced.
3006260740-2022-06021,FM05,none,P2,S1,UNK,N,N,3006260740-2022-06021,high,"INTRODUCER SHEATHS IN THE CENTRAL VENOUS CATHETER KIT ARE SOFT, EASY TO SPLIT","Several devices, number not given."
3006260740-2023-00600,FM04,FM03,P3,S2,UNK,N,N,3006260740-2023-00600,high,PICC POSITIONAL AND KINK SHOWN ON XRAY,Kink confirmed by manufacturer; replaced.
9680794-2023-00084,FM08,none,P1,S1,DEV,N,N,9680794-2023-00084,high,MISLABELED WITH AN AK-45703-P1A PRODUCT CODE,Labelling error.
3006260740-2023-00619,FM12,none,P4,S1,UNK,N,N,3006260740-2023-00619,low,A 5CM CLEAR SHEATH ON THE OUTSIDE OF HER REMOVED POWERPICC,"Possibly a fibrin sheath; manufacturer confirmed foreign material, cause unknown."
3006260740-2023-00782,FM03,none,P3,S1,UNK,N,N,3006260740-2023-00782,medium,"OCCLUSION WAS NOT RESOLVED, AIR BUBBLES IN THE LINE, HAD TO STOP INFUSION",
2245270-2023-00019,FM05,FM04,P2,S2,DEV,N,N,2245270-2023-00019,high,HAD DIFFICULTY REMOVING STYLET FROM PICC LINE; STYLET FELT STICKY,Three occurrences in one complaint (MDRs -00019 to -00021); catheter accordioned.
3006260740-2023-00588,FM02,none,P5,S1,UNK,N,N,3006260740-2023-00588,high,SET CRACKING AT THE DISTAL END LUER LOCK,
3006260740-2023-00920,FM01,none,P3,S2,UNK,N,N,3006260740-2023-00920,medium,IT LEAKS AT THE WINGS,Manufacturer: leak near suture wings from flexural fatigue (cyclic kinking) of the tube.
3006260740-2023-00521,FM05,none,P2,S1,UNK,N,N,3006260740-2023-00521,high,THE CONNECTION BETWEEN THE CATHETER AND TUNNELER ALLEGEDLY LOOSENED,
3006260740-2023-00263,FM05,none,P2,S2,UNK,N,N,3006260740-2023-00263,high,NOTICED A SMALL BURR TOWARDS THE TOP OF THE INTRODUCER,Skin nicked; pain.
3015060232-2023-00002,FM12,none,P4,S1,UNK,N,N,3015060232-2023-00001,low,CATHETER LEAK/IMPERFECTION IDENTIFIED POST REMOVAL,Same complaint as 3015060232-2023-00001.
3006260740-2023-01309,FM02,none,P3,S2,UNK,N,N,3006260740-2023-01309,medium,THE CENTRAL VENOUS CATHETER ATTACHMENT WAS REPLACED,Drug leaked outside during chemotherapy; pain.
3006260740-2023-01270,FM02,none,P2,S1,UNK,N,N,3006260740-2023-01270,high,"THE RUBBER PIECE THAT HOLDS THE TECHNOLOGY WIRE, THE HOLE IS TOO BIG",Septum issue; reported on all configurations at this site.
3006260740-2023-01306,FM05,none,P2,S1,UNK,N,N,3006260740-2023-01306,high,TIP WAS NOTED TO BE BENT AT A 90-DEGREE ANGLE,Stylet kink confirmed.
3006260740-2023-01200,FM02,none,P3,S2,UNK,N,N,3006260740-2023-01200,high,LEAKING AT HUB/NEEDLELESS CONNECTOR,No break in catheter; exchanged.
3006260740-2023-01164,FM01,none,P3,S2,UNK,N,N,3006260740-2023-01164,high,WAS FOUND TO BE FRACTURED ON REMOVAL,Manufacturer: flexural fatigue.
3006260740-2023-01255,FM01,none,P2,S1,UNK,N,N,3006260740-2023-01255,medium,THE SERUM ALLEGEDLY LEAKED THROUGH WHITE PATHWAY OF THE CATHETER,Leak in catheter lumen seen on video during placement.
3006260740-2023-01188,FM01,none,P3,S1,UNK,N,N,3006260740-2023-01188,medium,IT WAS FOUND THAT THE CATHETER WAS DAMAGED,Found at dressing change; manufacturer confirmed leak.
9680794-2023-00238,FM05,none,P2,S1,UNK,Y,N,9680794-2023-00238,high,THE SHEATH SPLIT INSIDE PATIENT WHILE TRYING TO THREAD PICC,All pieces retrieved without intervention.
3015060232-2023-00006,FM01,none,P5,S1,UNK,N,N,3015060232-2023-00006,medium,"CUSTOMER REPORTED A ""RUPTURED"" PICC LINE",Little detail.
3006260740-2023-01245,FM01,none,P3,S2,UNK,N,N,3006260740-2023-01245,high,THE CATHETER WAS PULLED OUT WHEN THEY DISCOVERED THE HOLE,Leak at wings; one antibiotic dose missed.
3006260740-2023-01275,FM02,none,P5,S1,UNK,N,N,3006260740-2023-01275,high,THE HEPARIN CAP OF THE GROSHONGPICC CATHETER KIT LEAKED LIQUID,
3006260740-2023-01294,FM01,none,P3,S1,UNK,N,N,3006260740-2023-01294,high,THE DEVICE LINE ALLEGEDLY BROKE,Repair kit.
3006260740-2023-01125,FM01,none,P3,S2,UNK,N,N,3006260740-2023-01125,medium,THE CATHETER WAS ALLEGEDLY DAMAGED. IT WAS FURTHER REPORTED THE CATHETER WAS REPAIRED,
9680794-2023-00258,FM02,none,P3,S2,UNK,N,N,9680794-2023-00258,high,THE CLAMP CAME OFF THE EXTENSION LINE AND THE ENTIRE CATHETER WAS REMOVED,
3006260740-2023-01128,FM05,none,P5,S1,USE,N,N,3006260740-2023-01128,medium,"THE CORD IS PULLING AWAY AT THE STRAIN RELIEF, EXPOSING WIRING",Tip-location system sensor (reusable accessory); exposed wiring is an electrical hazard. Manufacturer: root cause related to use.
3006260740-2023-01277,FM02,none,P3,S1,UNK,N,N,3006260740-2023-01265,high,BREAKING/LEAKING AT THE CONNECTION OF THE WHITE LUMEN BELOW THE INJECTION CAP,Two devices in one complaint.
1317056-2023-00044,FM02,FM03,P3,S2,UNK,N,N,1317056-2023-00044,medium,FOUR EPISODES OF BLOOD BACKING UP INTO BOTH LUMENS,"Valve (PASV) backflow, later withdrawal occlusion; replaced. Manufacturer found flat spot at 10 cm."
3006260740-2023-01195,FM01,FM04,P3,S2,UNK,N,N,3006260740-2023-01195,high,STARTED OUT AS AN ANUERYSM AND EVENTUALLY TORN,Replaced.
3006260740-2023-01192,FM02,none,P2,S1,DEV,N,Y,16701528,high,THE RUBBER STOPPER AT THE END OF THE PICC WHICH HOLDS THE GUIDE WIRE DISLODGED,Same event as pilot report 16701528 (user facility report). Nurse splashed in eye with blood from HIV-positive patient; post-exposure antivirals. Supplier-related cause confirmed.
3006260740-2023-01265,FM02,none,P3,S1,USE,N,N,3006260740-2023-01265,high,BREAKING/LEAKING AT THE CONNECTION OF THE WHITE LUMEN BELOW THE INJECTION CAP,"Manufacturer: over-pressurisation (burst), e.g. syringes smaller than 10 mL."
3006260740-2023-01149,FM02,none,P2,S1,UNK,N,N,3006260740-2023-01149,high,SALINE COMING OUT OF THE CLOSED SYSTEM THAT HOUSES THE WIRE,Septum issue.
3006260740-2023-01199,FM05,none,P2,S2,UNK,N,N,3006260740-2023-01199,high,THE GUIDEWIRE STOPPED ADVANCING NEAR THE AXILLA AND COULD NOT BE WITHDRAWN,Guidewire unravelled; reinserted on other side.
3006260740-2023-01109,FM01,FM09,P3,S3,UNK,N,N,3006260740-2023-01109,medium,SF LEAKED FROM THE BASE OF THE CATHETER (BETWEEN CONE AND CATHETER),"Fever, blood cultures, tip sent for culture. Manufacturer: flexural fatigue."
3006260740-2023-01242,FM02,none,P3,S1,DEV,N,N,3006260740-2023-01242,high,LIQUIDS WERE FOUND LEAKING FROM THE DUAL-LUMEN PURPLE CONNECTOR,Manufacturing cause confirmed.
3006260740-2023-01222,FM05,none,P2,S1,UNK,N,N,3006260740-2023-01222,medium,YELLOW WAVE FORM IS COMING UP BEFORE THE PICC IS INSERTED,Tip-location system sensor; not confirmed.
3006260740-2023-02882,FM01,FM03,P3,S2,UNK,N,N,3006260740-2023-02882,high,PICC LINE THEN REMOVED AS THERE WAS A HOLE IN THE PICC LINE,Chemotherapy deferred. Manufacturer: flexural fatigue.
0001625425-2023-01117,FM02,none,P3,S2,UNK,N,N,0001625425-2023-01117,high,HUB CRACKED DURING FLUID TUBING CHANGE,Low-birth-weight infant lost central access.
3006260740-2023-02803,FM01,none,P2,S1,UNK,N,N,3006260740-2023-02803,high,THE CATHETER WAS ALLEGEDLY BROKEN AT THE THIN/THICK JUNCTURE,
3006260740-2023-02877,FM02,none,P3,S2,UNK,N,N,3006260740-2023-02877,low,SOLO PICC SINGLE LUMEN BACK FLOWING WITH BLOOD/LEAKING BLOOD,Backflow suggests valve failure; location not stated. Treatment delayed.
3006260740-2023-02886,FM02,none,P2,S1,DEV,N,N,3006260740-2023-02897,medium,AIR ENTERS THROUGH THE INSERTION STYLET,Stylet rubber cap; reporter links it to a change in the cap. Air entry hazard.
3006260740-2023-02915,FM02,none,P2,S1,UNK,N,N,3006260740-2023-02915,high,CLEARED PLASTIC HUB WHICH THE INSERTION WIRE GOES THROUGH IS BOTH LEAKING AIR AND FLUID,2-3 mL of air drawn into syringe: air embolism hazard.
3006260740-2023-02896,FM02,none,P2,S1,DEV,N,N,3006260740-2023-02896,high,AIR ENTERS THROUGH THE INSERTION STYLET,"T-lock leak confirmed as manufacturing condition. Same wording as 02886/02897, possibly same site."
9680794-2023-00492,FM05,none,P2,S4,UNK,Y,N,9680794-2023-00492,high,FINDING OF RADIOPAQUE GUIDEWIRE IN THE RIGHT ATRIUM,Guidewire tip presumed frayed and separated at insertion; found months later; cardiac surgery planned.
3006260740-2023-02935,FM02,none,P3,S2,UNK,N,N,3006260740-2023-02935,medium,"LEAKAGE, BLEEDING, AT THE VALVE POINT AFTER THE PLACEMENT",
3006260740-2023-02897,FM02,none,P2,S1,DEV,N,N,3006260740-2023-02897,high,AIR ENTERS THROUGH THE INSERTION STYLET,Manufacturing condition confirmed. Two devices in one complaint.
3006260740-2023-02922,FM02,none,P2,S1,UNK,N,N,3006260740-2023-02922,high,THE LITTLE RUBBER PIECE WHERE GUIDEWIRE IS PULLED THROUGH ... IT IS NOT ALLOWING US TO FLUSH THE LINE,"Septum issue; several devices, number not given."
3006260740-2023-02885,FM02,none,P2,S2,DEV,N,N,3006260740-2023-02885,high,A LEAKING STOPPER ON A DL PICC LINE,T-lock manufacturing condition confirmed; catheter removed.
3006260740-2023-02878,FM06,FM05,P2,S4,UNK,N,N,3006260740-2023-02878,high,INADVERTENT ARTERIAL PICC PLACEMENTS ... ECG STRIPS MET CRITERIA FOR RELEASING THE PICC,Tip-confirmation system indicated correct position while catheter was arterial; stroke; removed by vascular surgery.
3006260740-2023-02890,FM01,none,P5,S1,DEV,N,N,3006260740-2023-02890,medium,THE CATHETER WAS FOUND TO BE DETACHED FROM THE CATHETER CONNECTOR,Joint between tube and connector (rule: tube-hub joint = FM01). Confirmed.
3006425876-2023-00662,FM02,none,P3,S2,UNK,N,N,3006425876-2023-00662,medium,FRACTURED ON THE EXTERNAL SECTION IMMEDIATELY PROXIMAL TO THE JUNCTION HUB,Manufacturer confirmed an extension line leak.
0001625425-2023-01114,FM02,none,P3,S2,UNK,N,N,0001625425-2023-01114,high,HUB CRACKED DURING FLUID TUBING CHANGE,Infant lost central access. Manufacturer notes several previous cracked-hub complaints for this part.
3006260740-2023-02914,FM01,none,P1,S1,DEV,N,N,3006260740-2023-02914,high,"UPON OPENING, LIQUIDS LEAKED FROM THE CATHETER ON THE SCALE OF ABOUT 52 CM DURING PRE-FLUSHING",Found before use; confirmed.
3006260740-2023-02881,FM02,none,P2,S1,UNK,N,N,3006260740-2023-02881,high,SALINE SQUIRTS OUT WHERE THE STYLET COMES THROUGH THE STOPPER,Recurring at this site; number not given.
3006260740-2023-02893,FM05,none,P2,S1,UNK,N,N,3006260740-2023-02893,high,THE GUIDEWIRE IS ROUGH WHEN NORMALLY HAS BEEN SMOOTH,Confirmed rough stylet.
3006260740-2023-02898,FM09,none,P3,S3,UNK,N,N,3006260740-2023-02898,high,BLOOD CULTURES ON THE PICC CAME BACK POSITIVE FOR CANDIDA ALBICANS,PICC removed; antifungal treatment.
3006260740-2023-02756,FM08,none,P1,S1,DEV,N,N,3006260740-2023-02756,high,THE GLUE WAS ALLEGEDLY HARD,Repair kit adhesive; same voluntary recall as 2023-00277.
3006260740-2023-02887,FM13,none,P3,S2,UNK,N,N,3006260740-2023-02887,medium,REDNESS OR SWELLING WAS IDENTIFIED AT OR AROUND THE CENTRAL LINE INSERTION SITE,From a clinical survey; could also be early infection.
3006260740-2023-02841,FM01,FM11,P3,S2,UNK,N,N,3006260740-2023-02841,high,"THE PICC RUPTURED IN THE INITIAL PORTION, WITH MEDICATION LEAKAGE",Extravasation; re-puncture and delay. Rupture confirmed.
3006260740-2023-02809,FM02,none,P3,S2,UNK,N,N,3006260740-2023-02809,medium,THE DEVICE WAS DAMAGED NEAR THE CLAMP,Clamp sits on extension leg; replaced with difficulty.
3006260740-2023-02778,FM01,none,P3,S1,UNK,N,N,3006260740-2023-02778,high,APPROXIMATELY 5 CM FROM THE CONNECTOR FORK THERE IS A HOLE,
3006260740-2023-04709,FM02,none,P2,S1,DEV,N,N,3006260740-2023-04709,high,THE OVERSLEEVE PORTION COULD NOT BE ATTACHED,Connector; supplier-related cause confirmed. Two devices.
17912320,FM01,none,P4,S3,UNK,Y,N,17912320,medium,THE CUFF WAS NOT ON THE CATHETER WHEN IT WAS REMOVED,Cuff separated and left in tunnel; second procedure to remove. No category fits a cuff well.
17930644,FM03,none,P1,S1,UNK,N,N,17930644,medium,AS I WAS SETTING UP MY PICC FIELD I WAS UNABLE TO FLUSH,Before insertion.
3006260740-2023-04429,FM02,none,P2,S1,UNK,N,N,3006260740-2023-04429,high,LEAKAGE AT RUBBER-LIKE STOPPER DURING PICC PLACEMENT,
3006260740-2023-04711,FM02,none,P2,S1,DEV,N,N,3006260740-2023-04709,high,THE OVERSLEEVE PORTION COULD NOT BE ATTACHED,Second device of the same complaint.
9680794-2023-00754,FM03,none,P3,S2,UNK,N,N,9680794-2023-00754,medium,THERE WAS DIFFICULTIES FLUSHING THE PICC LINE,Replaced; delay to treatment. No damage found.
3006260740-2023-04583,FM01,none,P3,S2,USE,N,N,3006260740-2023-04583,high,THE CATHETER IS LEAKING JUST BEFORE THE STAT-LOCK ATTACHMENT,Manufacturer: use-related flexural fatigue.
3006260740-2023-04607,FM02,none,P2,S1,UNK,N,N,3006260740-2023-04607,high,LEAKING FROM STOPPER NOTED WHILE THE PICC WAS BEING FLUSHED DURING THE INSERTION,Two devices.
3006260740-2023-04436,FM01,FM04,P3,S1,UNK,N,N,3006260740-2023-04436,medium,"THE END ARM OF PATIENT'S PICC WAS BENT, AND THEN IT WAS FOUND THAT THE PICC JUNCTION WAS BROKEN",Junction break (tube-hub joint).
3006260740-2023-04608,FM02,none,P2,S1,UNK,N,N,3006260740-2023-04607,high,LEAKING FROM STOPPER NOTED WHILE THE PICC WAS BEING FLUSHED DURING THE INSERTION,Second device.
3006260740-2023-04455,FM01,none,P3,S2,UNK,N,N,3006260740-2023-04455,high,THE MIDDLE PART OF THE CATHETER WAS LEAKING,Chemotherapy patient needs new PICC.
3006260740-2023-04433,FM01,none,P3,S2,UNK,N,N,3006260740-2023-04433,high,THREE SEPARATE AREAS WHERE THERE WERE CRACKS IN THE LINE,Patient heard whooshing on flush; chemotherapy delayed.
3006260740-2023-04670,FM01,none,P3,S2,UNK,N,N,3006260740-2023-04670,high,LINE REMOVED AND HOLE NOTED ... HOLE NOTED AT 4.5CM,Flexural fatigue. Two devices.
9680794-2023-00742,FM05,none,P2,S1,UNK,N,N,9680794-2023-00742,high,"THE PEEL TABS WOULD NOT PEEL APART, AND ONE TAB ENDED UP BREAKING OFF",
9680794-2023-00770,FM01,none,P3,S1,UNK,N,N,9680794-2023-00770,high,"A RUPTURE IN THE BODY AT THE ""25"" INDICATOR MARKING",Confirmed from photos.
3006260740-2023-04644,FM05,none,P2,S1,UNK,N,N,3006260740-2023-04644,high,THE INTRODUCER WAS DAMAGED AND GOT STUCK DURING A PROCEDURE,
3006260740-2023-04474,FM02,none,P2,S1,UNK,N,N,3006260740-2023-04474,high,SALINE LEAKING OUT OF THE NEW RUBBER STOPPER,"Reporter refers to a ""new"" stopper design."
0001625425-2023-01220,FM02,none,P3,S2,DEV,N,N,0001625425-2023-01220,high,THE HUB THAT WAS CRACKED AND LEAKING,Infant needed new peripheral and central access. Confirmed from images; several similar complaints for this part.
3006260740-2023-04574,FM08,none,P1,S1,DEV,N,N,3006260740-2023-04574,high,IT BECAME BLACK AT THE SCALE OF 16-18 CM,Found on opening; manufacturing cause confirmed.
3006260740-2023-04484,FM08,none,P1,S1,DEV,N,N,3006260740-2023-04484,high,THE OUTER PACKAGE OF THE PICC CATHETER WAS CONTAMINATED AND WRINKLED,Damaged Tyvek packaging; five devices.
3006260740-2023-04645,FM02,none,P2,S1,UNK,N,N,3006260740-2023-04645,high,LEAKING FROM STOPPER NOTED WHILE THE PICC WAS BEING FLUSHED DURING THE INSERTION,Wording matches 2023-04607/04608; possibly same site.
3006260740-2023-04618,FM01,FM11,P3,S3,USE,N,N,3006260740-2023-04618,high,A RUPTURE OF THE PICC CATHETER IS REPORTED,"Forceful flush (plunger bent); extravasation of TPN, pain, thrombosis; vascular surgery review. Manufacturer: use-related split."
17939109,FM01,none,P3,S3,UNK,N,N,17939109,high,PICC HUB COMPLETELY SEPARATED FROM PICC LINE DURING SECUREMENT,Replaced under sedation.
3006260740-2023-04702,FM01,FM04,P3,S2,UNK,N,N,3006260740-2023-04702,high,IT WAS FOUND TO HAVE A LARGE HOLE AT THE 17CM MARK,Kinked in arm on X-ray; pain; difficult replacement. Flexural fatigue.
9680794-2023-00763,FM05,none,P2,S1,DEV,N,N,9680794-2023-00763,high,ONE TAB BROKE OFF AFTER PULLING SO HARD,Manufacturer opened two non-conformances on peel-away tearing.
3006260740-2023-06002,FM01,none,P3,S2,UNK,N,N,3006260740-2023-06002,high,SPLIT WAS NOTED NEAR THE 5 CM MARK,Flexural fatigue.
3006260740-2023-06023,FM02,none,P2,S1,UNK,N,N,3006260740-2023-06023,medium,T PIECE LEAKING AND ENTRAINS AIR ON ASPIRATION,"General concern from several accounts, no specific event; air embolism risk raised by customer."
1317056-2024-00005,FM02,none,P3,S2,UNK,N,N,1317056-2024-00005,high,A PICC IN HER OFFICE THAT HAD A PURPLE HUB CRACK,TPN patient; replaced.
3006260740-2023-05967,FM05,none,P2,S1,UNK,N,N,3006260740-2023-05967,medium,THE PICC ITSELF UNRAVELED; THE METAL WAS VISIBLE,"Metal suggests the stylet unravelled, not the catheter."
3006260740-2023-05972,FM01,none,P5,S1,UNK,N,N,3006260740-2023-05972,medium,FRACTURE OF THE LATERAL END OF THE CATHETER,
3006260740-2023-05994,FM01,none,P3,S2,UNK,N,N,3006260740-2023-05994,high,THE CATHETER ALLEGEDLY BROKE ... THE CATHETER WAS REPAIRED,
3006260740-2023-06089,FM03,none,P5,S1,UNK,N,N,3006260740-2023-06089,medium,TUBING BLOCK/OCCLUSION,"Confirmed, cause unknown."
3006260740-2023-06088,FM01,FM04,P2,S4,UNK,Y,N,3006260740-2023-06088,high,THE LINE ALLEGEDLY GOT SNAPPED ... SNARE AND FORCEPS WERE USED TO RETRIEVE THE BROKEN LINE PIECES,Air embolism requiring oxygen. Dialysis/apheresis catheter.
3006260740-2024-00019,FM06,none,P3,S2,UNK,N,N,3006260740-2024-00019,medium,THE CUFF ALLEGEDLY ACCIDENTLY GOT PULLED AND WAS OUT OF THE DRESSING,Who pulled it is not stated.
3006260740-2023-06074,FM01,none,P3,S2,UNK,N,N,3006260740-2023-06074,high,THE CATHETER WAS COMPLETELY DISCONNECTED AT 37CM,External section; nurse trimmed the catheter. Severity set to S2 (repair) for consistency.
3011137372-2024-00005,FM05,none,P1,S1,UNK,N,N,3011137372-2024-00005,medium,UPON BOOT UP THE MONITOR STARTED TO SMOKE,"Tip-location monitor, not the catheter; fire/electrical hazard."
3006260740-2023-06031,FM01,none,P3,S1,UNK,N,N,3006260740-2023-06031,high,THE INTERNAL FRACTURE WAS LOCATED AT 12CM I.E. 6CM INTERNALLY,Internal fracture: embolisation risk.
18483315,FM03,none,P3,S2,UNK,N,N,18483315,high,PICC LINE CLOTTED,Neonatal 1 Fr PICC; minor harm.
3006260740-2023-06018,FM05,none,P2,S1,UNK,N,N,3006260740-2023-06018,high,THE FRONT END OF THE CATHETER SHEATH IS SLIGHTLY DAMAGED,Confirmed.
3006260740-2023-06092,FM01,FM03,P3,S2,UNK,N,N,3006260740-2023-06092,high,FOUND THAT THERE WERE SMALL CRACKS AFTER PULLING IT OUT,Flexural fatigue.
3006260740-2023-06058,FM06,none,P3,S2,UNK,N,N,3006260740-2023-06058,medium,THE LINE ALLEGEDLY FELL OUT WITH MINIMAL TRACTION,Tunnelled line; replaced.
3006260740-2023-06071,FM01,none,P5,S1,UNK,N,N,3006260740-2023-06071,medium,CATHETER BREAKAGE AT 6 CM,
9680794-2024-00042,FM05,none,P2,S1,USE,N,N,9680794-2024-00042,high,THE SHEATH WAS KINKED SO IT FAILED TO INSERT,Manufacturer: undue force during use.
3006260740-2023-06047,FM01,FM03,P4,S4,UNK,Y,N,3006260740-2023-06047,high,THE CATHETER WAS ONLY 20 CM REMOVED ... TAKE OUT THE REMAINING 22CM CATHETER,Child; fragment retrieved by interventional radiology.
2245270-2024-00001,FM01,FM03,P3,S2,UNK,N,N,2245270-2024-00001,medium,PICC LINE LEAKING AT PINK HUB,Manufacturer found tear directly under the adapter (tensile fracture) and occlusion.
3006260740-2024-00042,FM01,none,P5,S2,UNK,N,N,3006260740-2024-00043,high,BOTH PUNCTURES OF THE VENOUS CATHETER ... AND COMPLETE RUPTURE OF THE PICC,VOIDED duplicate report (original 2024-00406). Same five-device complaint as pilot report 2024-00043.
18483263,FM13,none,P3,S2,UNK,N,N,18483263,low,PICC LINE SITE SYMPTOMATIC,Symptoms not described; could be infection or tissue reaction.
3006260740-2023-06025,FM01,none,P3,S2,UNK,N,N,3006260740-2023-06025,high,THE NURSE NOTICED THAT THE SOLO CATHETER WAS BROKEN,Flexural fatigue.
3006260740-2023-06096,FM01,none,P3,S1,USE,N,N,3006260740-2023-06096,high,PICC NOTED TO BE COMPLETELY SPLIT IN HALF EXTERNALLY,Manufacturer: use-related flexural fatigue.
3006260740-2023-05984,FM01,none,P3,S2,USE,N,N,3006260740-2023-05984,high,PARTIAL RUPTURE OF THE CATHETER,Arm pain during vesicant chemotherapy; replaced. Manufacturer: use-related.
3006260740-2024-01497,FM05,FM07,P2,S4,UNK,Y,N,3006260740-2024-01497,high,THE GUIDEWIRE APPEARED TO HAVE FRACTURED WITH APPROXIMATELY 6CM OF WIRE REMAINING,PICC stuck from venous spasm; PICC and wire tip removed by interventional radiology.
0001625425-2024-00979,FM02,none,P3,S2,UNK,N,N,0001625425-2024-00979,high,THE BLUE LUMEN HUB CRACKED AND THE PICC LINE WAS LEAKING,Mild harm; new PICC.
3006260740-2024-01604,FM01,none,P3,S4,UNK,Y,N,3006260740-2024-01604,high,THE DISTAL PORTION OF THE CATHETER ALLEGEDLY FRAGMENTED ... EMBOLIZED INSIDE THE VASCULATURE,Port catheter; fragment removed by catheterisation procedure.
3006260740-2024-01521,FM01,none,P3,S2,USE,N,N,3006260740-2024-01521,high,THEY PULLED OUT THE CATHETER AND SEE A HOLE,Manufacturer: use-related flexural fatigue.
19040083,FM02,none,P3,S1,UNK,N,N,19040083,medium,NOTED TO BE LEAKING AT THE FLANGE,
3006260740-2024-01498,FM01,none,P3,S1,UNK,N,N,3006260740-2024-01498,high,FOUND A LEAK AROUND 3 CM FROM THE CONNECTOR,Flexural fatigue.
3006260740-2024-01415,FM02,none,P1,S1,UNK,N,N,3006260740-2024-01415,high,NEW T-LOCK PIECE ON POWERPICC SOLO LEAKS SALINE UPON PRIMING,Reporter links it to a new T-lock design; clinician bent guidewire (off-label) to stop slipping.
3006260740-2024-01495,FM01,none,P3,S2,USE,N,N,3006260740-2024-01495,high,FLUID GUSHED OUT FROM A PLACE ABOUT 37.5 CM FROM THE TIP,Locking sleeve had been removed. Manufacturer: use-related.
3006260740-2024-01512,FM01,none,P3,S3,UNK,Y,N,3006260740-2024-01512,medium,THE HEAD END OF THE PICC CATHETER OF THE RIGHT UPPER LIMB WAS BROKEN,Hub end separated outside hospital; tourniquet applied. FDA code says foreign body in patient; outcome cut off.
9680794-2024-00311,FM07,none,P2,S1,UNK,N,N,9680794-2024-00311,high,THE BILUMEN CATHETER DOES NOT ADVANCE,New catheter used.
3013666218-2024-00001,FM02,none,P3,S2,UNK,N,N,3013666218-2024-00001,medium,INFUSATE LEAKING AT LUER LOCK CONNECTION ... LINEAR CRACK VISUALIZED ON CLEAR LUMEN,PICC exchanged; reporter mentions two recent cracked catheters.
3006260740-2024-01450,FM05,none,P2,S1,UNK,N,N,3006260740-2024-01450,low,THE LOLY POP IS NOT DROPPING,Tip-location system display issue.
3006260740-2024-01513,FM01,none,P3,S2,UNK,N,N,3006260740-2024-01513,high,THEY SEE A HOLE 4 CM FROM HUB,New PICC needed.
3006260740-2024-01478,FM01,FM03,P3,S2,UNK,N,N,3006260740-2024-01478,high,"ON ABLATION, THERE IS A CRACKING OF THE KT 5CM FROM THE BASE",Clogged line; fracture confirmed (flexural fatigue).
3006260740-2024-01400,FM01,FM03,P2,S1,UNK,N,N,3006260740-2024-01400,medium,"UPON FLUSHING LINE, THE DEVICE ALLEGEDLY BURST",Burst while flushing an occluded line; location relative to bifurcation unclear.
3006260740-2024-01416,FM02,none,P1,S1,UNK,N,N,3006260740-2024-01415,high,NEW T-LOCK PIECE ON POWER PICC SOLO LEAKS SALINE UPON PRIMING,Same complaint wording as 2024-01415.
3006260740-2024-01485,FM05,none,P2,S1,UNK,Y,N,3006260740-2024-01485,high,THE PLASTIC PIECE OF TUNNELLER ALLEGEDLY SLIPPED OFF ... REMOVED FROM PATIENT'S SKIN WITH A HEMOSTAT,
3006260740-2024-01411,FM01,none,P4,S4,UNK,Y,N,3006260740-2024-01411,high,ON REMOVAL ONLY 5CM COMES OUT AND THE REMAINDER REMAINS INSIDE THE PATIENT'S VESSEL,Removed in angiography room.
9680794-2024-00329,FM05,none,P2,S1,UNK,N,N,9680794-2024-00329,high,DILATOR WING BROKE OFF THE SHEATH,
3006260740-2024-01379,FM01,FM11,P3,S2,UNK,N,N,3006260740-2024-01379,high,NOTED A FRACTURE IN THE PICC AT THE 9CM MARK,Antibiotic infiltrated into arm; missed dose; new PICC.
3006260740-2024-01396,FM02,none,P3,S2,UNK,N,N,3006260740-2024-01396,high,THE ADAPTOR ALLEGEDLY CRACKED WHILE CONNECTING NUTRITION,Repaired with repair kit. Severity set to S2 (repair) for consistency.
3006260740-2024-01378,FM01,none,P3,S2,DEV,N,N,3006260740-2024-01378,medium,THERE WAS A LEAK ADJACENT TO PURPLE BUTTERFLY,Manufacturer: within scope of a known issue.
3006260740-2024-01545,FM08,none,P1,S1,UNK,N,N,3006260740-2024-01545,high,RUSTED CUTTER ON THE PICC LINE TRAY,Found before use.
9680794-2024-00318,FM05,none,P2,S1,UNK,N,N,9680794-2024-00318,high,ONE OF THE TABS BROKE OFF WHEN ATTEMPTING TO PEEL INTRODUCER SHEATH AWAY,
3006260740-2024-01534,FM04,none,P3,S2,UNK,N,N,3006260740-2024-01534,high,THE CATHETER WAS ALLEGEDLY FOUND TO BE BALLOONED,Manufacturer found abnormal elasticity; replaced.
3006260740-2024-03416,FM01,none,P3,S2,USE,N,N,3006260740-2024-03416,high,SMALL HOLE BETWEEN THE WING ON THE CATHETER AND THE INSERTION OF THE SKIN,New PICC; delay. Manufacturer: use-related split.
3006260740-2024-03602,FM01,none,P3,S2,UNK,N,N,3006260740-2024-03601,low,A SIGNIFICANT AMOUNT OF THE FLUSH COMING FROM THE INSERTION SITE,VOIDED duplicate report (original 2024-03667). Rule 5: insertion-site leak. Patient needed daily peripheral IVs for 12 days.
3006260740-2024-03444,FM04,FM05,P2,S2,UNK,N,N,3006260740-2024-03444,medium,THE END WAS NOTED TO BE CURLED TIGHT,Stylet magnet seen in line on X-ray; PICC removed and replaced.
3006260740-2024-03457,FM01,FM11,P3,S3,UNK,N,N,3006260740-2024-03457,high,PICC REMOVED AND SPLIT NOTICES 7CM IN FORM EXIT SITE,Oxaliplatin chemotherapy leaked into arm; large swelling; referred to plastic surgeons.
3006260740-2024-03427,FM04,FM03,P3,S2,UNK,N,N,3006260740-2024-03425,high,ALL CATHETERS ARE SIGNIFICANTLY KINKED AT 6/7CM MARK AND 35 CM MARK,Four PICCs placed mid-thigh; alteplase given; one patient needed a tunnelled catheter.
3006260740-2024-03597,FM01,none,P3,S1,USE,N,N,3006260740-2024-03597,high,THE CATHETER RUPTURE IN THE INTRAVASCULAR TRACT APPROXIMATELY 9-10CM FROM THE EXIT SITE,Manufacturer: use-related flexural fatigue.
3006260740-2024-03410,FM01,FM11,P3,S2,USE,N,N,3006260740-2024-03410,high,EXTERNAL PICC FRACTURE WHEN IN USE,Infiltration; three antibiotic doses missed; pain.
3006260740-2024-03582,FM05,none,P2,S1,UNK,N,N,3006260740-2024-03582,medium,THE SHERLOCK SENSOR NOT ACCURATELY TRACKING PICC,Tip-location system; position confirmed by X-ray.
3006260740-2024-03462,FM02,none,P3,S1,UNK,N,N,3006260740-2024-03462,medium,PARTIALLY RUPTURED ON THE WING,Crack in the moulded joint and suture wing base. Facility lists chlorhexidine/alcohol disinfectants.
9680794-2024-00675,FM01,FM07,P2,S1,UNK,N,N,9680794-2024-00675,medium,BLOOD BEGAN TO POOL IN THE WHITE LUMEN INDICATING COMMUNICATION BETWEEN THE LUMENS,Could not thread past shoulder; wire bent; suspected internal fracture. Linked complaint 9680794-2024-00660.
3006260740-2024-03601,FM01,none,P3,S2,UNK,N,N,3006260740-2024-03601,low,A SIGNIFICANT AMOUNT OF THE FLUSH COMING FROM THE INSERTION SITE,Rule 5: insertion-site leak. Two devices in one complaint.
3006260740-2024-03487,FM10,FM13,P3,S3,UNK,N,N,3006260740-2024-03487,high,A CATHETER-ASSOCIATED VENOUS THROMBOSIS HAS BEEN FORMED,Anticoagulation; catheter removed.
3006260740-2024-03425,FM04,FM03,P3,S2,UNK,N,N,3006260740-2024-03425,high,ALL CATHETERS ARE SIGNIFICANTLY KINKED AT 6/7CM MARK AND 35 CM MARK,Kink confirmed by manufacturer. Same complaint as 2024-03427.
3006260740-2024-03400,FM02,none,P3,S2,UNK,N,N,3006260740-2024-03400,high,THE WHITE ADAPTOR END WAS ALLEGEDLY SEPARATED INTO TWO PIECES,Repaired.
3006260740-2024-03479,FM01,none,P3,S2,UNK,N,N,3006260740-2024-03479,high,FRACTURE OBSERVED IN SEVERAL PLACES THROUGHOUT LINE,
3006260740-2024-03577,FM01,FM04,P3,S1,UNK,N,N,3006260740-2024-03577,high,LINE WAS SPLIT ... KINK AT 6CM THAT STOPPED FUNCTION,"Leak inside patient at kink. Same site and wording as pilot report 2024-03572, different device."
3006260740-2024-03579,FM01,none,P3,S1,USE,N,N,3006260740-2024-03579,high,HOLE IN PICC AT 6CM,Break 15 weeks after insertion. Manufacturer: use-related.
3006260740-2024-03537,FM01,none,P3,S2,USE,N,N,3006260740-2024-03537,high,A 6.5 CM HOLE IS VISIBLE IN THE TUBE,Manufacturer: use-related.
3006260740-2024-03429,FM12,none,P3,S2,UNK,N,N,3006260740-2024-03429,low,THE NURSE FOUND A CATHETER LEAK,Rule 6: leak location not given. Two devices.
3006260740-2024-03619,FM11,FM12,P3,S3,UNK,N,N,3006260740-2024-03619,low,LEAKING PICC. EXTRAVASATION,Chemotherapy extravasation; leak source not given; treatment delayed.
3006260740-2024-03449,FM03,FM11,P3,S2,UNK,N,N,3006260740-2024-03449,low,AN OBSTRUCTED CATHETER ... SHOWS EXTRAVASATION IN THE CATHETER,"Declotted with alteplase, then leaked into dressing; breach not located."
3006260740-2024-03538,FM01,FM11,P3,S2,USE,N,N,3006260740-2024-03538,high,EXTRAVASATION OF CHEMOTHERAPY. REPLACED FOR ANOTHER PICC,"Damaged catheter confirmed, use-related."
3006260740-2024-03587,FM05,none,P2,S1,UNK,N,N,3006260740-2024-03587,medium,THE SENSOR IS GIVING INACCURATE READINGS,Refurbished tip-location sensor.
3006260740-2024-03430,FM01,none,P3,S2,UNK,N,N,3006260740-2024-03430,low,FLUID LEAKING FROM CENTRAL LINE INSERTION SITE,Rule 5. Erythema and swelling. Clinical survey report.
1317056-2024-00098,FM05,none,P2,S4,DEV,Y,N,1317056-2024-00098,high,THE SHEATH BECAME LODGED IN THE PATIENT'S BODY BUT WAS ABLE TO BE RETRIEVED USING A SNARE,Sheath tubing detached from hub (confirmed).
2518902-2024-00063,FM01,none,P3,S1,UNK,N,N,2518902-2024-00063,medium,THE DEVICE (LUMEN) FRACTURED/RUPTURED,Drawing shows fracture at the lumen-to-hub junction.
3006260740-2024-05647,FM01,none,P3,S1,UNK,N,N,3006260740-2024-05647,high,A SLIT AT 5 CM FROM THE EXIT SITE,
0001625425-2024-01117,FM02,none,P3,S1,DEV,N,N,0001625425-2024-01117,high,THE EXTENSION SET INSIDE OF THE KIT DEVELOPED A CRACK,Crack in luer confirmed; manufacturer CAPA 2021-039 open for leakage.
3006260740-2024-05822,FM01,none,P3,S2,UNK,N,N,3006260740-2024-05822,high,SPILT IN LINE WAS FOUND UPON ASPIRATING AND FLUSHING LINE PRIOR TO USE,Transfusion delayed; split confirmed.
3006260740-2024-05697,FM12,none,P2,S1,USE,N,Y,3006260740-2024-05697,medium,CUT HERSELF ON THE DIRTY BLADE OF THE ALREADY USED ELEVEN BLADE,"Nurse sharps injury; kit contains two identical blades, a design/use-error hazard."
3006260740-2024-05670,FM12,none,P3,S1,USE,N,N,3006260740-2024-05670,medium,THE MEASUREMENT MARKINGS FROM 5CM TO THE INSERTION SITE WERE RUBBED OFF,Depth markings wiped off by chlorhexidine scrubbing; loss of markings affects tip-migration checks. No category for marking wear in use.
3006260740-2024-05802,FM01,none,P3,S1,USE,N,N,3006260740-2024-05802,high,IT APPEARS TO HAVE BEEN CUT WITH A SHARP OBJECT,Break between shaft and moulded joint; use-related.
2518902-2024-00065,FM01,none,P3,S1,UNK,N,N,2518902-2024-00065,medium,CATHETER RUPTURE (LUMEN),"Drawing shows fracture at lumen-to-hub junction, 14 days after insertion."
3006260740-2024-05794,FM06,none,P3,S1,UNK,N,N,3006260740-2024-05794,medium,THE STATLOCK CLIP CAME LOOSE FROM THE ADHESIVE AND CONSEQUENTLY PULLED THE CATHETER,Securement device failure.
9680794-2024-01001,FM01,none,P2,S1,UNK,N,N,9680794-2024-01001,high,THE CATHETER WAS TORN,Separated distal to the 38 cm mark.
9680794-2024-00983,FM01,none,P2,S1,USE,N,N,9680794-2024-00983,medium,THE CATHETER WAS TORN AFTER THE PROCEDURE,Pinching at the box clamp location.
3006260740-2024-05696,FM02,none,P2,S1,USE,N,N,3006260740-2024-05696,high,THE VALVE DIDN'T CLOSE AND IT'S DRIPPING FROM THE PICC LINE,Manufacturer: use-related.
2245270-2024-00086,FM01,none,P3,S2,UNK,N,N,2245270-2024-00086,low,PICCS LEAKING FLUIDS UNDER THE DRESSING,Rule 5; more than one PICC; new insertion needed.
3006260740-2024-05693,FM05,none,P2,S1,UNK,N,N,3006260740-2024-05693,high,HEAVILY COLLOIDAL WITH GUIDEWIRE WRAPPING DURING USE,Material on stylet confirmed; three devices.
3006260740-2024-05755,FM05,none,P2,S2,UNK,N,N,3006260740-2024-05755,medium,THE GUIDEWIRE WAS FOUND TO BE BROKEN AT THE END OF THE HEPARIN CAP,"Elongated, broken stylet; X-ray found no fragment. Second event filed as 2024-07152."
3006260740-2024-05625,FM01,FM04,P3,S2,UNK,N,N,3006260740-2024-05625,high,BROKEN WHERE THE CLAMPING SPACE NARROWED FROM THE THICK PART,Ballooning confirmed near clamping sleeve; removed.
3006260740-2024-05660,FM05,none,P2,S1,USE,N,N,3006260740-2024-05660,high,THIS WAS DISCOVERED AS A USER ERROR,Peel-away sheath tip broke off.
3006260740-2024-05823,FM08,none,P2,S1,UNK,N,N,3006260740-2024-05823,medium,THE CAP HAS A POINTED END AND ... SMALL HOLE ALL THE WAY THROUGH,Wrong end caps in kit (one lot); blood and air can pass.
3006260740-2024-05646,FM03,none,P2,S2,USE,N,N,3006260740-2024-05646,high,"COULD NOT BE FLUSHED BY NORMAL SALINE SUCCESSFULLY, SO THE DOCTOR REMOVED IT",Manufacturer: use-related.
3006260740-2024-05644,FM01,FM11,P3,S2,UNK,N,N,3006260740-2024-05644,high,LARGE HOLE IS CLEARLY VISIBLE AT 6 CM,FOLFOX chemotherapy; tingling and pain; no lasting symptoms.
3006260740-2024-05734,FM05,none,P2,S2,UNK,N,N,3006260740-2024-05734,medium,THE DILATOR TIP WAS ALLEGEDLY VERY SOFT AND HAS BECOME DENTED,Unexpected vessel bleeding; outcome unknown.
3006260740-2024-05751,FM05,none,P2,S1,USE,N,N,3006260740-2024-05751,high,THE CATHETER INSERTER DID NOT WITHDRAW THE SUPPORT GUIDEWIRE AND STARTED TO CUT THE TUBE,Trainee trimmed catheter with stylet inside; stylet broken and stuck.
3006260740-2024-05638,FM08,none,P1,S1,UNK,N,N,3006260740-2024-05638,high,WHITE FLOCCULENT ON THE CATHETER SUPPORT GUIDEWIRE DURING PRE-FILLING,Found before insertion; confirmed.
3006260740-2024-05805,FM01,none,P4,S4,UNK,Y,N,3006260740-2024-05805,high,IT FRACTURED IN THE PATIENT'S ARM LEAVING 16 CM TO BE RETRIEVED,Retrieved by interventional radiology.
3006260740-2024-05796,FM05,none,P2,S1,UNK,N,N,3006260740-2024-05796,high,GUIDEWIRE REMOVAL PROCESS HAS A LUMPY FEELING,White substance on stylet confirmed.
3006260740-2024-08104,FM01,FM04,P3,S1,UNK,N,N,3006260740-2024-08104,high,A FRACTURE WITH A HORIZONTAL SPLIT ACROSS HALF THE LINE BETWEEN 4-5 CM,Patient said it had kinked at the same place.
3006260740-2024-08060,FM04,none,P3,S1,UNK,N,N,3006260740-2024-08060,medium,THE CATHETER KINKED,Kink near insertion site after 15 days.
3006260740-2024-08165,FM01,none,P3,S2,UNK,N,N,3006260740-2024-08165,high,A HOLE IS DISCOVERED 4CM INTERNAL,New PICC. Flexural fatigue.
3006260740-2024-08053,FM01,none,P3,S2,UNK,N,N,3006260740-2024-08053,medium,A SALINE LEAK FROM A FISSURE WAS NOTED,VOIDED duplicate report (original 2024-07925).
3006260740-2024-08095,FM01,none,P3,S2,UNK,N,N,3006260740-2024-08095,high,FRACTURE NOTED BETWEEN 0.5 - 1CM,Flexural fatigue.
MW5164440,FM09,none,P3,S3,UNK,N,N,MW5164440,high,"CENTRAL LINE INFECTION THAT RESULTED IN REDNESS, SWELLING, TENDERNESS, DRAINAGE",Hospitalised.
3006260740-2024-08024,FM08,none,P1,S1,UNK,N,N,3006260740-2024-08024,high,THE MICRO INTRODUCER LOOKED FRAYED IN PACKAGING,Found before use.
3006260740-2024-08108,FM01,none,P3,S2,UNK,N,N,3006260740-2024-08108,high,"PARTIAL PICC BREAK, PERITUBE FLUID AND CATHETER REMOVAL",Flexural fatigue.
3006260740-2024-08103,FM08,none,P1,S1,DEV,N,N,3006260740-2024-08103,high,SUSPECTED DAMAGE TO STERILIZED PACKAGING,Manufacturing cause confirmed.
3006260740-2024-08122,FM01,FM04,P3,S1,UNK,N,N,3006260740-2024-08122,high,A KINK WITH A CIRCUMFERENTIAL SPLIT BETWEEN THE 5 CM AND 6 CM DEPTH MARKINGS,Several samples returned.
3006260740-2024-08133,FM01,none,P3,S2,UNK,N,N,3006260740-2024-08133,high,FRACTURED NOTED BETWEEN 0.5 - 1CM,Flexural fatigue. Wording matches 2024-08095 (possibly same service).
3006260740-2024-08031,FM02,none,P3,S2,UNK,N,N,3006260740-2024-08031,medium,THERE WAS A BLOCKAGE IN THE HUB THAT WAS REPLACED,Replacement connector; two catheters returned.
3006260740-2024-08029,FM12,none,P3,S2,UNK,N,N,3006260740-2024-08029,low,DURING USE THE PICC LINE WAS LEAKING,Rule 6: leak location not given. Chemotherapy delayed.
3006260740-2024-08123,FM01,FM04,P5,S1,UNK,N,N,3006260740-2024-08123,medium,A KINK WITH A CIRCUM[FERENTIAL SPLIT],Five catheters returned; similar to 2024-08122.
3006260740-2024-08114,FM01,FM03,P3,S2,UNK,N,N,3006260740-2024-08114,high,FOUND TO HAVE A SPLIT AROUND THE 10CM MARK,Bubbling heard in arm on flushing; difficult peripheral access for chemotherapy.
3006260740-2024-08036,FM01,none,P1,S1,UNK,N,N,3006260740-2024-08036,high,A LEAK WAS FOUND IN ONE SPOT WHILE PRE-CHARGING,Found before insertion; kink impression with split at 3 cm.
1317056-2025-00002,FM02,none,P3,S2,UNK,N,N,1317056-2025-00002,high,THE PICC'S PURPLE HUB WAS CRACKED,Alcohol-soaked disinfecting caps attached to hub (possible chemical stress).
3006260740-2024-08058,FM04,FM03,P3,S2,UNK,N,N,3006260740-2024-08058,high,KINK WAS LOCATED IN THE AXILLARY REGION,tPA given three times in six days.
3006260740-2024-08097,FM01,none,P3,S2,UNK,N,N,3006260740-2024-08097,high,THEY SPOTTED A CRACK AROUND THE 7CM MARK,
MW5164359,FM09,none,P3,S3,UNK,N,N,MW5164359,high,HOSPITALIZED DUE TO CENTRAL LINE INFECTION,Line replaced.
3006260740-2024-08041,FM01,none,P3,S2,UNK,N,N,3006260740-2024-08041,high,PARTIAL BREAK OF THE CATHETER IN THE OUTER SECTION BETWEEN CM 0 AND THE FINS,Flexural fatigue.
3006260740-2024-08015,FM05,none,P2,S1,UNK,N,N,3006260740-2024-08015,high,THE WHITE PART OF THE FRONT END OF THE CANNULA SHEATH IS FLAT,Damaged dilator confirmed.
3006260740-2024-08120,FM01,none,P3,S2,UNK,N,N,3006260740-2024-08120,high,SOLUTION LEAKING FROM A FISSURE,
3006260740-2024-08067,FM04,FM03,P3,S2,UNK,N,N,3006260740-2024-08067,high,6 PICCS KINKED,"One report for six devices; tPA, removals, replacements."
3006260740-2024-08011,FM08,none,P1,S1,UNK,N,N,3006260740-2024-08011,medium,A LOT OF RESIDUAL GLUE ON THE CATHETER'S INNER AND OUTER,Guidewire could not be placed.
3006260740-2025-01963,FM01,FM10,P3,S3,UNK,N,N,3006260740-2025-01963,high,BIG HOLE WAS OBSERVED ... ON THE BRINK OF COMPLETE BREAK,Pain on chemotherapy; catheter-related thrombosis.
3006260740-2025-02130,FM08,none,P1,S1,UNK,N,N,3006260740-2025-02130,high,HAIR WAS DISCOVERED ON THE CATHETER CLAMP,Before procedure.
3006260740-2025-01955,FM01,none,P3,S2,UNK,N,N,3006260740-2025-01955,high,THE PICC IS BROKEN JUST BELOW THE STATLOCK ATTACHMENT,Treatment given peripherally.
3006260740-2025-01935,FM01,none,P3,S2,UNK,N,N,3006260740-2025-01935,medium,PICC SPLIT DURING USAGE NEAR CLEAR HUB AFTER BEING TRIMMED,Repaired on the ward.
3006260740-2025-02152,FM03,none,P3,S1,UNK,N,N,3006260740-2025-02152,medium,THE CATHETER ALLEGEDLY HAD OCCLUSION,
3006260740-2025-01710,FM01,none,P3,S2,UNK,N,N,3006260740-2025-01710,low,MILD LEAKAGE OF SOLUTION FROM THE INSERTION POINT,Rule 5; rupture point not found; replaced.
3006260740-2025-01933,FM01,none,P3,S2,UNK,N,N,3006260740-2025-01933,high,"A MICROCRACK WAS PRESENT, ALLOWING LIQUID (NACL) TO ESCAPE",Treatment postponed.
3006260740-2025-02054,FM01,none,P3,S2,UNK,N,N,3006260740-2025-02054,medium,SMALL VEIN PICCS BROKE/CRACKED NEAR THE HUB,More than one PICC; over-the-wire exchange.
3006260740-2025-02148,FM08,none,P1,S1,UNK,N,N,3006260740-2025-02148,high,DEVICE ALLEGEDLY HAD DEFECT AT THE CUFF LEVEL,"Cuff partly detached, found before use."
3006260740-2025-01962,FM05,none,P2,S1,UNK,N,N,3006260740-2025-01962,high,A BURR ON A MICRO CANNULA SHEATH DURING A PUNCTURE,
3006260740-2025-02084,FM01,FM03,P3,S2,UNK,N,N,3006260740-2025-02084,high,THE PICC WAS LEAKING FROM INSERTION SITE WHEN FLUSHED,Split confirmed from photo; earlier positional flow problems.
MW5168706,FM01,none,P4,S4,UNK,Y,N,MW5168706,high,PICC LINE SNAPPED DURING REMOVAL. PIECE LEFT IN INFANT,Retrieved in cardiac cath lab.
0001625425-2025-00982,FM01,none,P2,S2,UNK,N,N,0001625425-2025-00982,high,A HOLE WAS OBSERVED AT THE INDWELLING PORTION,Infant; two devices from two lots failed; procedure prolonged.
3006260740-2025-01951,FM03,FM06,P3,S2,UNK,N,N,3006260740-2025-01951,medium,BOTH LUMENS WOULD NOT FLUSH OR DRAW,Alteplase; positional; tip no longer at target after pulling back; replaced.
3006260740-2025-02141,FM02,none,P2,S1,UNK,N,N,3006260740-2025-02141,medium,THE PRESSURE RELIEF SLEEVE LACKED A THREADED INTERFACE,Connector could not be tightened; found after placement.
3006260740-2025-02087,FM05,none,P2,S1,UNK,N,N,3006260740-2025-02087,high,THERE IS A CRACKED VASCULAR CANNULA SHEATH,Damaged microintroducer confirmed.
3006260740-2025-01965,FM01,FM03,P3,S1,UNK,N,N,3006260740-2025-01965,medium,NOTICED SPECK OF BLOOD AND LIQUID NEAR PICC LINE SITE BENEATH DRESSING,Leak confirmed by manufacturer (flexural fatigue).
MW5168657,FM04,FM07,P2,S1,UNK,N,N,MW5168657,medium,THE CATHETER TIP WAS NOTED TO BE BENT,Same problem with same lot the week before; lot removed from stock by hospital.
3006260740-2025-01948,FM01,none,P5,S1,UNK,N,N,3006260740-2025-01948,medium,PICC FRACTURE,No details.
3006260740-2025-01954,FM05,none,P2,S1,UNK,N,N,3006260740-2025-01954,medium,GREEN SAFETY NEEDLE ON A 4FR DUAL LUMEN PICC KIT CAME APART,Safety needle failure: sharps hazard to user.
3006260740-2025-01960,FM05,none,P2,S1,UNK,N,N,3006260740-2025-01960,medium,THE REGISTRAR STRUGGLED TO INSERT THE PEEL AWAY SHEATH,Not confirmed by manufacturer.
3006260740-2025-02045,FM08,none,P1,S1,UNK,N,N,3006260740-2025-02045,medium,BEFORE USE ... FELT SOME IRREGULARITIES SPECIFICALLY AT THE 7-8CM MARK,
3006260740-2025-02015,FM01,FM03,P3,S2,UNK,N,N,3006260740-2025-02015,high,PICC FRACTURED AT 4.5CM,Ooze from entry site; no venous return.
3015060232-2025-00011,FM01,none,P5,S1,UNK,N,N,3015060232-2025-00011,medium,REPORT OF A HOLE IN A CATHETER,Break confirmed.
MW5168660,FM01,none,P3,S2,UNK,N,N,MW5168660,high,TRANSVERSE CRACK NOTED ALONG PICC LINE AT 8CM MARK,Leak at insertion site; new PICC.
3006260740-2025-04512,FM01,none,P2,S2,UNK,N,N,3006260740-2025-04512,high,WHEN CHECKED BY FLUSHING AND FOUND A HOLE AND IT WAS LEAKING,Found right after implantation; removed.
3006260740-2025-04436,FM10,none,P3,S3,UNK,N,N,3006260740-2025-04436,high,4 PATIENTS HAVE DEVELOPED THROMBOSIS IN PICC ARM CLOSE TO INSERTION SITES,One report for four patients at one site.
3006260740-2025-04507,FM01,none,P3,S2,UNK,N,N,3006260740-2025-04507,high,A CRACK IN THE CATHETER 2 CM FROM THE ROOT OF THE WING,Replaced.
3006260740-2025-04496,FM03,none,P2,S1,UNK,N,N,3006260740-2025-04496,medium,WAS ABLE TO DO THE FIRST FLUSH BUT THEN WAS UNABLE TO INJECT,
3006260740-2025-04455,FM11,FM10,P3,S3,UNK,N,N,3006260740-2025-04455,medium,THE PATIENT CALLS FOR A BURNING SENSATION IN THE ARM ABOVE THE PICC INSERTION SITE,"Suspected chemotherapy extravasation; ""TVP"" (deep vein thrombosis); PICC re-sited to other arm. No device failure described."
9680794-2025-00541,FM01,FM04,P3,S2,UNK,N,N,9680794-2025-00540,medium,CATHETER KINKING AND BREAKAGE ISSUE,Three devices (MDRs -00540 to -00542); rupture seen in photos.
3006260740-2025-04456,FM01,FM10,P3,S3,UNK,N,N,3006260740-2025-04456,high,HOLE IN PICC -CHEMO GIVEN EXTENSIVE THROMBOSIS,PICC removed; port placed.
2245270-2025-00063,FM02,none,P3,S2,UNK,N,N,2245270-2025-00063,medium,LEAKING AT WHITE HUB ON CATHETER PROXIMAL TO INSERTION,New PICC needed.
3006260740-2025-04525,FM05,none,P2,S1,UNK,N,N,3006260740-2025-04525,medium,MICRO INTRODUCER WAS HARD TO BREAK,
3006260740-2025-04531,FM01,none,P2,S3,UNK,Y,N,3006260740-2025-04531,medium,THE CATHETER BROKEN NEAR BY THE HUB AREA,"Complete break; one part inside the body, then removed. Outcome unknown."
3006260740-2025-04628,FM01,none,P3,S1,UNK,N,N,3006260740-2025-04628,medium,A LEAK RIGHT AT THE WINGS/CATHETER CLOSEST TO THE PATIENT,
2245270-2025-00065,FM01,none,P3,S2,UNK,N,N,2245270-2025-00064,medium,PICC LINE WAS LEAKING AT THE HUB,Manufacturer found the tube snapped or cut twice next to the hub; third-party connector. Two occurrences.
3006260740-2025-04596,FM02,none,P3,S2,UNK,N,N,3006260740-2025-04596,medium,IT WAS LEAKING DOWN FROM THE HUB WHEN THEY FLUSHED IT,Removed.
3006260740-2025-04598,FM12,none,P3,S1,UNK,N,N,3006260740-2025-04598,low,CURRENTLY UNKNOWN WHERE IT IS LEAKING FROM,Rule 6.
3006260740-2025-04497,FM01,none,P3,S1,USE,N,N,3006260740-2025-04497,medium,PICC IS BREAKING AND NOTICING LEAKING AT THE INSERTION,Two catheters returned; manufacturer: use-related.
3006260740-2025-04365,FM01,none,P3,S2,UNK,N,N,3006260740-2025-04365,high,LEAKING 10 CM FROM THE PUNCTURE POINT,After six months.
3006260740-2025-04528,FM01,none,P4,S4,UNK,Y,N,3006260740-2025-04528,high,"THE CATHETER IS FOUND TO BE BROKEN INTO TWO PIECES, ONE OF WHICH REMAINS INSIDE THE VEIN",30 cm fragment retrieved with loop snare via femoral vein.
9680794-2025-00544,FM04,FM03,P3,S2,UNK,N,N,9680794-2025-00544,high,THE CATHETER WAS KINKED IN 2 PLACES,Kink at armpit; removed.
3006260740-2025-04452,FM05,none,P2,S1,UNK,N,N,3006260740-2025-04452,high,THE PUNCTURE SHEATH WAS FOUND TO BE CURLED,
9680794-2025-00561,FM04,FM03,P3,S2,UNK,N,N,9680794-2025-00557,high,PICCS KINKING CLOSE TO HUB AND AFFECTING MEDICATION DELIVERY,"Five PICCs, five patients, one week (MDRs -00557 to -00561)."
3006260740-2025-04582,FM04,FM03,P3,S2,UNK,N,N,3006260740-2025-04582,high,AN XRAY THAT SHOWED THE PICC CURLED UP ON ITSELF,Cathflo failed; replaced in other arm.
3006260740-2025-04492,FM02,none,P3,S2,USE,N,N,3006260740-2025-04492,high,CATHETER CLEAR EXTENSION TUBING LEAKAGE,Two devices; manufacturer: use-related.
3006260740-2025-04441,FM01,FM06,P3,S2,UNK,N,N,3006260740-2025-04441,medium,FOUND TO BE FRACTURED JUST BEFORE 2CM,Tip out of SVC on X-ray.
3006260740-2025-04473,FM01,none,P3,S2,UNK,N,N,3006260740-2025-04473,high,PICC LINE HAS A HOLE AND LEAKS AT THE 5CM MARK,New line needed.
3006260740-2025-04483,FM12,none,P3,S1,UNK,N,N,3006260740-2025-04483,medium,THE ADHESIVE DOES NOT HOLD THE REPAIR,Repair kit adhesive failure during repair; no category fits repair kits.
3006260740-2025-07392,FM01,FM11,P3,S3,UNK,N,N,3006260740-2025-07392,high,CONFIRMED EXTRAVASATION ... FRACTURE NOTED IN LINE,Arm swelling and pain; extravasation treatment and follow-up.
3006260740-2025-07453,FM04,none,P3,S2,UNK,N,N,3006260740-2025-07453,medium,A BULGING WAS OBSERVED IN THE WHITE LUMEN OF THE DEVICE DURING FLUSHING,Removed.
3006260740-2025-07608,FM01,FM04,P3,S2,UNK,N,N,3006260740-2025-07608,high,"DISCOVERS HOLE JUST BELOW SECURACATH, CATH AT THE SITE IS ALSO BENT",Leak near 8 cm confirmed.
3006260740-2025-07680,FM01,none,P3,S1,UNK,N,N,3006260740-2025-07680,high,HOLE 4.5 CM UP,
3006260740-2025-07559,FM01,none,P3,S1,UNK,N,N,3006260740-2025-07559,medium,A 1.5 CM TEAR WAS FOUND IN THE CATHETER INSIDE THE PATIENT'S ARM,After one year of use; not confirmed from photo.
3006260740-2025-07548,FM08,none,P1,S1,DEV,N,N,3006260740-2025-07548,high,THE GTIN CODES WERE MISSING,Labelling defect found before use.
3006260740-2025-07656,FM08,none,P1,S1,DEV,N,N,3006260740-2025-07653,high,CONFLICTING INFORMATION ON THE LABELING OF THE BROVIAC REPAIR KIT,Same labelling issue as 2025-07653 and 2025-07657.
3006260740-2025-07681,FM01,none,P3,S2,UNK,N,N,3006260740-2025-07681,high,THE FRACTURE SITE WAS INTERNAL TO THE PATIENT,Partial break; replaced.
3006260740-2025-07478,FM01,none,P3,S2,UNK,N,N,3006260740-2025-07478,high,PICC REMOVED AND HOLE NOTICED AT 4 CM,Two chemotherapy cycles given peripherally.
3006260740-2025-07397,FM01,none,P3,S1,UNK,N,N,3006260740-2025-07397,low,THE PATIENT COULD FEEL THE SENSATION OF THE LIQUID MOVING UNDER THE SKIN,Suggests leak under the skin; breach not described.
3006260740-2025-07561,FM01,none,P3,S1,UNK,N,N,3006260740-2025-07561,high,THE CATHETER WAS FOUND TO BE RUPTURED,
3006260740-2025-07474,FM05,none,P2,S1,UNK,N,N,3006260740-2025-07474,medium,A PICC INTRODUCTORY SHEATH ANTERIOR HEAD HAD BREAKAGE,
3006260740-2025-07677,FM01,none,P3,S2,UNK,N,N,3006260740-2025-07677,high,THE CATHETER HAS A HOLE 5 CM FROM THE ANCHOR ATTACHMENT POINT,Internal leak; new catheter. Flexural fatigue.
3006260740-2025-07657,FM08,none,P1,S1,DEV,N,N,3006260740-2025-07653,high,CONFLICTING INFORMATION ON THE LABELING OF THE BROVIAC REPAIR KIT,
3006260740-2025-07664,FM05,none,P2,S1,USE,N,N,3006260740-2025-07664,high,THE SHEATH WAS DEFECTIVE AND COULD NOT BE USED,Manufacturer: use-related.
3006260740-2025-07653,FM08,none,P1,S1,DEV,N,N,3006260740-2025-07653,high,CONFLICTING INFORMATION ON THE LABELING OF THE BROVIAC REPAIR KIT,Carton lists a 3 mL syringe; sticker says it is not included.
3006260740-2025-07484,FM02,none,P3,S2,UNK,N,N,3006260740-2025-07484,medium,THE RED LINE WAS LEAKING SPECIFICALLY,Blood-soaked linen; dressing half off.
3006260740-2025-07460,FM01,none,P3,S2,UNK,N,N,3006260740-2025-07460,high,ABOUT 1 CM OUTSIDE THE PUNCTURE POINT ... IT WAS RUPTURED,Trimmed and new extension connected (repair).
3006260740-2025-07675,FM12,none,P3,S1,UNK,N,N,3006260740-2025-07675,medium,THE STATLOCK NOT STICKY,Securement device; catheter did not dislodge.
3006260740-2025-07537,FM01,FM11,P3,S3,UNK,N,N,3006260740-2025-07537,high,SMALL PERFORATION IN THE SUBCUTANEOUS TUNNELED AREA,Severe pain on flushing; contrast extravasation at venotomy site.
3006260740-2025-07669,FM01,none,P3,S2,UNK,N,N,3006260740-2025-07669,high,FRACTURE OBSERVED AT MARKING 2.5 CM,Next chemotherapy cycle peripheral. Flexural fatigue.
9680794-2025-00835,FM08,none,P1,S1,UNK,N,N,9680794-2025-00835,high,UPON OPENING THE PACKAGING ... PART OF THE GUIDE SUPPORT WAS BROKEN,Kinked guidewire found before use.
3006260740-2025-07674,FM01,none,P3,S2,UNK,N,N,3006260740-2025-07674,high,THE CATHETER HAD COMPLETELY DETACHED APPROXIMATELY 1 CM FROM THE DISTAL END,Lower-limb PICC; trimmed and reconnected.
0001625425-2025-01096,FM01,none,P3,S2,UNK,N,N,0001625425-2025-01096,medium,LEAKING AT CONNECTION OF PURPLE SHEATH TO HUB,Tube-hub joint (rule: FM01). Removed.
9680794-2025-00816,FM04,none,P3,S2,UNK,N,N,9680794-2025-00816,high,PICC HAS KINK PT SIDE NEAR HUB,Two kinks near juncture hub; replaced.
