report_number,primary_fm,secondary_fm,phase,severity,contributor,retained_fragment,user_harm,confidence,note
3015060232-2025-00011,FM01,none,P5,S1,UNK,N,N,low,Hole in catheter confirmed on return; no cause or patient outcome given.
MW5168660,FM01,none,P3,S3,DEV,N,N,high,Leak at insertion site traced to transverse crack at 8 cm; new PICC inserted.
3006260740-2023-00263,FM05,none,P2,S1,DEV,N,N,medium,Burr on micro-introducer prevented passage into skin; confirmed on evaluation.
3006260740-2024-01478,FM01,FM03,P3,S2,USE,N,N,medium,Clogged PICC removed and not replaced; crack at 5 cm from flexural fatigue linked to securement/maintenance.
3006260740-2024-03410,FM01,FM11,P3,S3,USE,N,N,high,External PICC fracture with saline infiltration; new PICC placed; use-related fatigue.
3006260740-2023-02935,FM02,none,P2,S2,UNK,N,N,low,Leakage and bleeding at the valve after placement; device not returned.
3006260740-2023-02893,FM05,none,P2,S1,DEV,N,N,high,"Rough stylet/guidewire confirmed, prolonged insertion, no patient harm."
3006260740-2023-01125,FM02,none,P3,S2,UNK,N,N,medium,Split on luer extension leg confirmed; catheter repaired; no injury.
3006260740-2024-05734,FM05,FM11,P2,S2,DEV,N,N,medium,Dilator tip soft and deformed during placement; vessel bled unexpectedly.
3006260740-2023-04644,FM05,none,P2,S1,UNK,N,N,medium,Introducer damaged and stuck; another used to complete procedure.
3006260740-2025-04531,FM01,none,P2,S2,UNK,N,N,medium,Broviac broke near the hub during placement; partial break confirmed by photo; catheter removed.
3006260740-2025-02152,FM03,none,P3,S1,UNK,N,N,medium,Occlusion post placement with no reported patient injury.
3013666218-2024-00001,FM02,none,P3,S3,USE,N,N,medium,"Leak from cracked luer connector, suspected over-tightening; PICC exchanged."
3006260740-2023-02877,FM12,none,P3,S3,UNK,N,N,low,Blood backflow/leak with no location given; PICC replaced and therapy delayed.
3006260740-2023-01192,FM02,none,P3,S1,DEV,N,Y,high,T-lock septum dislodged during flush spraying blood into nurse's eye; manufacturing-related.
3006260740-2025-04441,FM01,FM06,P3,S2,UNK,N,N,medium,"Not aspirating, tip out of SVC and fatigue fracture near 2 cm found; PICC removed."
3006260740-2024-01485,FM05,none,P2,S1,UNK,Y,N,medium,Tunneler plastic piece slipped off in the skin and was removed with a hemostat; no injury.
3006260740-2024-01411,FM01,none,P4,S4,UNK,Y,N,high,"PICC broke on removal leaving remainder in vessel, retrieved in angiography room."
3006260740-2024-05802,FM01,none,P5,S1,USE,N,N,high,Catheter break at shaft/joint confirmed as use-related tensile damage; no injury.
9680794-2025-00541,FM01,FM04,P3,S2,UNK,N,N,medium,Kinked catheter ruptured and flow stopped after 6 months; broken catheter removed.
3006260740-2025-07397,FM01,FM11,P3,S1,UNK,N,N,low,Flush felt moving under the skin suggesting subcutaneous leak with no visible breach; no harm.
0001625425-2025-01096,FM02,none,P3,S2,UNK,N,N,medium,Leak at connection of sheath to hub found at dressing change; PICC removed.
3006260740-2024-08060,FM04,none,P3,S1,UNK,N,N,medium,Catheter kinked near insertion site after 15 days dwell; no harm described.
MW5114748,FM07,none,P4,S1,UNK,N,N,medium,Multiple attempts needed to remove PICC with no defect described.
9680794-2024-01001,FM01,none,P2,S1,USE,N,N,medium,Catheter cut adjacent to juncture hub found during procedure; sharp-instrument use error; no harm.
3006260740-2023-02803,FM01,none,P2,S1,UNK,N,N,medium,Catheter broken at thin/thick juncture during placement; investigation inconclusive; no injury.
3006260740-2024-01497,FM05,FM07,P2,S4,UNK,Y,N,medium,Guidewire fractured inside PICC that could not be threaded or removed; IR retrieval and new PICC.
3006260740-2025-07548,FM08,none,P1,S1,UNK,N,N,high,GTIN codes missing on labelling found before procedure; no patient contact.
17912320,FM02,none,P4,S3,UNK,Y,N,low,Cuff detached and left in tunnel at removal; secondary procedure planned to remove it.
3006260740-2023-02756,FM08,none,P1,S1,DEV,N,N,high,"Repair kit adhesive hardened before use (recalled lot); another kit used, no patient contact."
1317056-2025-00002,FM02,none,P3,S3,USE,N,N,high,Purple luer hub cracked from over-tightening; PICC removed and replaced.
9680794-2023-00084,FM08,none,P1,S1,UNK,N,N,high,Kit mislabelled with wrong product code; no patient involvement.
3006260740-2025-04528,FM01,none,P3,S4,UNK,Y,N,high,Fissured PICC broke on removal leaving 30 cm fragment retrieved via femoral loop snare.
3006260740-2024-08024,FM08,FM05,P1,S1,UNK,N,N,medium,Micro-introducer found frayed in packaging; new introducer used.
2245270-2024-00086,FM01,none,P3,S3,UNK,N,N,low,PICCs leaked under dressing with leak seen on flushing after removal; new PICC inserted.
3006260740-2023-06096,FM01,none,P3,S2,USE,N,N,high,PICC split in half externally at 5.5 cm from fatigue linked to use; removed without further intervention.
3006260740-2023-06018,FM05,none,P2,S1,UNK,N,N,high,Introducer sheath tip damaged with resistance; replaced and placement completed.
3006260740-2024-01545,FM08,none,P1,S1,DEV,N,N,high,Rusted catheter trimming device found in tray before patient contact.
3015060232-2023-00001,FM01,none,P3,S2,USE,N,N,high,Leak from cuts on catheter body made by a sharp blade; patient underdosed with vancomycin.
3006260740-2025-04507,FM01,none,P3,S3,UNK,N,N,high,Crack 2 cm from wing found during maintenance; new catheter inserted.
3006260740-2024-01495,FM01,none,P3,S2,USE,N,N,high,Leak into dressing from slits in catheter shaft caused by stylet manipulation; catheter removed.
3006260740-2024-05822,FM01,none,P3,S2,UNK,N,N,medium,Split in PICC found on flushing before transfusion; treatment delayed; root cause unknown.
3006260740-2024-05646,FM03,none,P2,S2,USE,N,N,high,Newly placed catheter could not be flushed due to blood residue occluding stylet luer; removed.
3006260740-2023-02890,FM02,none,P5,S1,USE,N,N,high,Catheter detached from connector due to incorrect connector assembly; no injury.
0001625425-2023-01114,FM02,none,P3,S2,DEV,N,N,medium,"Hub cracked and leaked during tubing change; PICC removed, infant left with peripheral IV only; known CAPA."
3006260740-2023-00655,FM04,FM03,P3,S2,UNK,N,N,medium,"Kink at skin surface caused occlusion alarms and poor blood return; line pulled back, access later lost."
9680794-2025-00544,FM04,FM03,P3,S2,USE,N,N,high,Catheter kinked in armpit causing inability to aspirate or flush; removed; use error likely.
3006260740-2024-08122,FM01,FM04,P3,S1,UNK,N,N,medium,Leak from fatigue splits at kink locations on returned catheters; patient harm not described.
3006260740-2025-04525,FM05,none,P2,S1,UNK,N,N,medium,Micro-introducer sheath hard to peel apart; no harm reported.
9680794-2024-00329,FM05,none,P2,S1,DEV,N,N,high,Dilator/sheath tab broke off and sheath split; manufacturing cause; no harm.
3006260740-2025-04628,FM01,none,P3,S1,UNK,N,N,high,Leak from fatigue split in tube just proximal to suture wing; no extra intervention or harm.
9680794-2024-00675,FM07,FM05,P2,S1,UNK,N,N,low,Catheter could not be threaded past shoulder with bent wire; suspected lumen crossover not confirmed; second kit used.
MW5164440,FM09,none,P3,S3,UNK,N,N,medium,"Central line infection with redness, drainage and hospital admission pending cultures."
0001625425-2023-01220,FM02,none,P3,S3,DEV,N,N,high,Cracked leaking hub in infant; line removed and new central catheter inserted next day; known CAPA.
3006260740-2023-00588,FM02,none,P5,S1,UNK,N,N,low,Cracking at the luer lock reported with no further information.
3006260740-2024-01534,FM02,FM04,P3,S3,UNK,N,N,medium,Extension leg ballooned and leaked at clamping sleeve; catheter removed and replaced.
3006260740-2023-04484,FM08,none,P1,S1,UNK,N,N,high,Outer package contaminated and Tyvek packaging damaged before use.
3006260740-2023-00342,FM09,none,P3,S3,UNK,N,N,medium,Patients developed fever 12-24 h after PICC insertion requiring admission and line removal.
MW5168706,FM01,none,P4,S4,UNK,Y,N,high,PICC snapped during removal leaving piece in infant retrieved in cardiac cath lab.
9680794-2023-00754,FM03,none,P3,S3,UNK,N,N,medium,Difficult flushing led to removal and replacement; returned sample flushed normally.
3006260740-2025-04483,FM02,none,P3,S1,UNK,N,N,low,Repair kit adhesive failed to hold the external catheter repair after drying; no injury.
3006260740-2024-08095,FM01,none,P3,S3,UNK,N,N,high,Leak from fatigue split between molded joint and 0 cm marker; new PICC placed.
3006260740-2023-01306,FM05,none,P2,S1,UNK,N,N,medium,3CG stylet tip bent 90 degrees on meeting resistance during insertion; replaced to complete procedure.
3006260740-2024-08011,FM08,none,P1,S1,DEV,N,N,medium,Excess residual glue on catheter prevented guidewire placement; harm not described.
3006260740-2024-03429,FM12,none,P3,S3,UNK,N,N,low,Catheter leak with no location found on integrity check; catheter replaced.
3006260740-2024-01512,FM01,FM06,P3,S4,UNK,Y,N,high,"PICC broke at head end and whole catheter slipped into the heart/IVC, needing two percutaneous snare retrievals."
3006260740-2023-02885,FM02,none,P2,S2,DEV,N,N,medium,T-lock stopper leaked on flushing with stylet in place; manufacturing condition; catheter removed.
3006260740-2024-03619,FM11,FM12,P3,S2,UNK,N,N,low,Leaking PICC with chemotherapy extravasation and treatment delay; leak location not given.
2245270-2023-00001,FM01,none,P3,S2,UNK,N,N,medium,Neonatal PICC ruptured in situ from tensile stress; removed and converted to peripheral IV.
3006260740-2025-07484,FM01,none,P3,S2,USE,N,N,high,Red lumen leaked blood from splits caused by securement/maintenance compression damage.
1317056-2024-00005,FM02,none,P3,S3,USE,N,N,high,Purple valve luer hub cracked from over-tightening; PICC removed and replaced.
3006260740-2025-02084,FM01,FM03,P3,S2,UNK,N,N,medium,Positional flow issues then leak at insertion site from a split in the tubing; PICC removed.
3006260740-2024-08165,FM01,none,P3,S3,UNK,N,N,high,Leak at insertion site from fatigue split at 3-4 cm internal; new PICC placed.
3006260740-2023-04709,FM02,none,P2,S1,DEV,N,N,high,Replacement connector oversleeve would not lock; locking arms out of specification (supplier).
3006260740-2023-00058,FM10,none,P3,S3,UNK,N,N,high,Catheter-related wall thrombosis in basilic and axillary veins treated with LMWH.
3006260740-2024-01513,FM01,FM03,P3,S3,UNK,N,N,high,Leak from split 4 cm from hub with distal occlusion; new PICC needed.
3006260740-2025-07474,FM05,none,P2,S1,UNK,N,N,low,Introducer sheath tip breakage reported; photos inconclusive; harm not described.
3006260740-2023-04433,FM01,none,P3,S3,UNK,N,N,medium,"Whooshing on flush with three subcutaneous cracks found on removal; new PICC, chemotherapy delayed."
3006260740-2023-01188,FM01,none,P3,S1,USE,N,N,medium,Catheter split at 4 cm securement area found at dressing change; securement likely contributed.
3006260740-2023-04702,FM01,FM04,P3,S3,UNK,N,N,high,Kinked PICC developed fatigue hole with leak at insertion site and arm pain; new PICC inserted.
3006260740-2025-04365,FM01,none,P3,S2,UNK,N,N,medium,Catheter leaked after six months dwell from a site 10 cm from puncture point; removed.
9680794-2024-00042,FM05,none,P2,S1,USE,N,N,high,Peel-away sheath kinked/crimped and could not be inserted; undue force by user; no harm.
3006260740-2023-06058,FM06,none,P3,S3,UNK,N,N,medium,Tunnelled line fell out with minimal traction after about three months; catheter replaced.
3006260740-2025-02148,FM08,none,P1,S1,DEV,N,N,high,Cuff partially detached from catheter found before placement; no patient contact.
3006260740-2024-08123,FM01,FM04,P3,S1,UNK,N,N,medium,Leakage from fatigue splits at kink sites on returned catheters; harm not described.
0001625425-2024-00979,FM02,none,P3,S3,DEV,N,N,high,Blue lumen luer hub cracked and leaked; new PICC placed; known CAPA for cracked hubs.
3006260740-2025-01954,FM05,none,P2,S1,UNK,N,N,low,Safety introducer needle in PICC kit came apart; harm not described.
3006260740-2023-02778,FM01,none,P3,S1,UNK,N,N,low,Hole in intravascular part of catheter 5 cm from connector after two months; harm not described.
9680794-2024-00318,FM05,none,P2,S1,DEV,N,N,high,Peel-away sheath tab broke off at end of case; manufacturing non-conformance; no harm.
3006260740-2025-04456,FM01,FM10,P3,S3,UNK,N,N,medium,Hole in PICC with extensive thrombosis; PICC removed and port placed.
3006260740-2024-03597,FM01,none,P3,S1,USE,N,N,medium,Intravascular rupture 9-10 cm from exit site from fatigue linked to securement/maintenance; harm not described.
3006260740-2023-06089,FM03,FM04,P5,S1,UNK,N,N,low,"Occlusion confirmed with extension leg ballooning on pressurisation; cause unknown, harm not described."
3006260740-2023-01200,FM02,none,P3,S3,UNK,N,N,high,Leak at hub/needleless connector with no catheter break; PICC exchanged in another procedure.
9680794-2023-00742,FM05,none,P2,S1,UNK,N,N,high,Peel-away sheath difficult to remove and a tab broke off; no harm.
3006260740-2023-06025,FM01,none,P3,S2,USE,N,N,high,Catheter found broken at molded joint during maintenance and removed; securement/maintenance likely contributed.
3015060232-2023-00006,FM01,FM03,P3,S3,USE,N,N,high,Clogged line replaced and found cut by a sharp blade with partial occlusion; user cut suspected.
3006260740-2023-06092,FM01,none,P3,S2,UNK,N,N,high,Fluid backflow during maintenance; catheter removed and fatigue cracks found.
3006260740-2023-06074,FM01,none,P3,S2,UNK,N,N,medium,Catheter found completely disconnected at 37 cm during maintenance and trimmed.
3006260740-2025-07681,FM01,none,P3,S3,UNK,N,N,high,Partial internal PICC fracture; catheter removed and another PICC inserted.
3006260740-2025-01955,FM01,none,P3,S2,UNK,N,N,high,PICC broken just below StatLock and discontinued; treatment given peripherally.
